model,year,price,transmission,mileage,fuelType,tax,mpg,engineSize
 GT86,2016,16000,Manual,24089,Petrol,265,36.2,2.0
 GT86,2017,15995,Manual,18615,Petrol,145,36.2,2.0
 GT86,2015,13998,Manual,27469,Petrol,265,36.2,2.0
 GT86,2017,17995,Manual,16444,Petrol,265,36.2,2.0
 GT86,2014,12998,Manual,25499,Petrol,260,36.2,2.0
 GT86,2019,23495,Automatic,3934,Petrol,145,32.8,2.0
 GT86,2019,25780,Manual,5123,Petrol,145,33.2,2.0
 GT86,2020,26995,Semi-Auto,1500,Petrol,145,32.8,2.0
 GT86,2019,23998,Semi-Auto,913,Petrol,145,32.8,2.0
 GT86,2019,26995,Manual,2680,Petrol,150,33.2,2.0
 GT86,2017,17000,Manual,14345,Petrol,150,36.2,2.0
 GT86,2018,19995,Manual,15525,Petrol,150,36.2,2.0
 Corolla,2019,15790,Manual,10000,Petrol,145,39.2,1.2
 Corolla,2019,17480,Manual,9999,Petrol,145,39.2,1.2
 Corolla,2020,24980,Automatic,5000,Hybrid,135,57.7,1.8
 Corolla,2019,18990,Manual,3860,Petrol,145,39.2,1.2
 Corolla,2019,21495,Automatic,9004,Hybrid,135,85.6,1.8
 Corolla,2019,17960,Manual,4500,Petrol,145,39.2,1.2
 Corolla,2019,17960,Manual,4500,Petrol,145,39.2,1.2
 Corolla,2019,23995,Automatic,5784,Hybrid,135,72.4,2.0
 RAV4,2016,17250,Automatic,60602,Hybrid,20,55.4,2.5
 RAV4,2016,18695,Automatic,46035,Hybrid,20,55.4,2.5
 RAV4,2017,13998,Manual,32815,Diesel,125,60.1,2.0
 RAV4,2014,9780,Manual,88870,Diesel,125,57.6,2.0
 RAV4,2016,18998,Automatic,30117,Hybrid,20,57.6,2.5
 RAV4,2015,10995,Manual,63000,Diesel,165,49.6,2.2
 RAV4,2017,22995,Automatic,28486,Hybrid,20,55.4,2.5
 RAV4,2016,19490,Automatic,30000,Hybrid,20,57.6,2.5
 RAV4,2015,12480,Automatic,45848,Diesel,265,42.2,2.2
 Yaris,2019,10870,Manual,4988,Petrol,145,47.9,1.5
 Yaris,2019,10870,Manual,5026,Petrol,145,47.9,1.5
 Yaris,2017,9550,Manual,23500,Petrol,150,58.9,1.5
 Yaris,2008,2495,Manual,120000,Petrol,165,47.1,1.3
 Yaris,2016,10989,Automatic,31482,Hybrid,0,78.0,1.5
 Yaris,2017,8940,Manual,19540,Petrol,145,58.9,1.5
 Yaris,2015,7695,Manual,31649,Petrol,30,58.0,1.3
 Yaris,2019,11380,Manual,6000,Petrol,145,47.9,1.5
 Yaris,2018,11998,Manual,6899,Petrol,145,47.1,1.5
 Yaris,2019,12622,Manual,6598,Petrol,145,47.9,1.5
 Yaris,2010,3695,Manual,73390,Petrol,30,55.4,1.0
 Yaris,2006,2795,Manual,86000,Petrol,155,47.1,1.3
 Yaris,2005,2795,Manual,48830,Petrol,145,50.4,1.3
 Yaris,2008,3495,Manual,55380,Petrol,115,52.3,1.0
 Yaris,2016,8950,Manual,9000,Petrol,30,58.0,1.3
 Yaris,2016,10250,Automatic,6000,Petrol,30,58.0,1.3
 Auris,2017,10495,Manual,24842,Petrol,145,58.9,1.2
 Auris,2016,11295,Automatic,50211,Hybrid,0,72.4,1.8
 Auris,2016,15911,Automatic,31348,Hybrid,0,70.6,1.8
 Auris,2014,11873,Automatic,54106,Hybrid,0,70.6,1.8
 Auris,2017,16872,Automatic,27055,Hybrid,0,78.5,1.8
 Auris,2017,16791,Automatic,29201,Hybrid,0,72.4,1.8
 Aygo,2019,8490,Manual,9059,Petrol,145,57.7,1.0
 Aygo,2019,9790,Manual,1472,Petrol,145,57.7,1.0
 Aygo,2019,9490,Manual,1424,Petrol,145,57.7,1.0
 Aygo,2019,9490,Manual,1614,Petrol,145,56.5,1.0
 Aygo,2019,9490,Manual,1114,Petrol,145,56.5,1.0
 Aygo,2019,9490,Manual,1208,Petrol,145,56.5,1.0
 Aygo,2017,6290,Manual,22181,Petrol,0,69.0,1.0
 Aygo,2016,6720,Manual,23357,Petrol,0,69.0,1.0
 Aygo,2014,5590,Manual,37430,Petrol,0,69.0,1.0
 Aygo,2015,6290,Manual,27700,Petrol,0,69.0,1.0
 Aygo,2019,8790,Manual,2570,Petrol,145,56.5,1.0
 Aygo,2019,8790,Manual,3116,Petrol,145,56.5,1.0
 Aygo,2018,6595,Manual,28335,Petrol,145,69.0,1.0
 Aygo,2018,6995,Manual,20294,Petrol,150,69.0,1.0
 Aygo,2018,8790,Manual,9599,Petrol,145,56.5,1.0
 Aygo,2015,6495,Manual,17872,Petrol,0,69.0,1.0
 Aygo,2018,9995,Semi-Auto,25148,Petrol,150,67.3,1.0
 Aygo,2019,8790,Manual,2106,Petrol,145,56.5,1.0
 Aygo,2019,7890,Manual,6183,Petrol,145,56.5,1.0
 Aygo,2018,9990,Manual,3452,Petrol,145,56.5,1.0
 Aygo,2019,8790,Manual,2540,Petrol,145,56.5,1.0
 Aygo,2015,5990,Manual,19856,Petrol,0,69.0,1.0
 Aygo,2018,8490,Manual,10125,Petrol,150,68.9,1.0
 Aygo,2017,7990,Manual,25318,Petrol,0,68.9,1.0
 Aygo,2017,6995,Manual,36473,Petrol,0,68.9,1.0
 Aygo,2015,5795,Manual,25688,Petrol,0,69.0,1.0
 Aygo,2018,7490,Manual,19506,Petrol,145,69.0,1.0
 Aygo,2018,7895,Manual,11932,Petrol,145,68.9,1.0
 Aygo,2014,6495,Manual,26858,Petrol,0,69.0,1.0
 Aygo,2018,9695,Semi-Auto,9484,Petrol,145,67.3,1.0
 Aygo,2017,7190,Manual,21596,Petrol,145,69.0,1.0
 Aygo,2018,8490,Manual,9280,Petrol,150,68.9,1.0
 Aygo,2015,5795,Manual,34182,Petrol,0,69.0,1.0
 Aygo,2017,6495,Manual,27372,Petrol,0,69.0,1.0
 Aygo,2018,7495,Manual,27537,Petrol,145,68.9,1.0
 Aygo,2017,6995,Manual,15048,Petrol,145,68.9,1.0
 Aygo,2017,6995,Manual,21561,Petrol,145,69.0,1.0
 Aygo,2015,5990,Manual,32674,Petrol,0,69.0,1.0
 Aygo,2016,7990,Manual,37555,Petrol,0,69.0,1.0
 Aygo,2018,7490,Manual,21971,Petrol,150,69.0,1.0
 Aygo,2017,7295,Manual,14923,Petrol,145,68.9,1.0
 Aygo,2018,6895,Manual,17757,Petrol,145,69.0,1.0
 Aygo,2018,6895,Manual,19057,Petrol,145,69.0,1.0
 Aygo,2018,7995,Manual,24807,Petrol,145,68.9,1.0
 Aygo,2017,7195,Manual,13765,Petrol,145,68.9,1.0
 Aygo,2017,7290,Manual,25912,Petrol,0,68.9,1.0
 Aygo,2019,9995,Manual,6130,Petrol,145,57.7,1.0
 Aygo,2019,9495,Manual,5883,Petrol,145,56.5,1.0
 Aygo,2015,5999,Manual,36010,Petrol,0,69.0,1.0
 Aygo,2015,6040,Manual,31570,Petrol,0,69.0,1.0
 Aygo,2016,6030,Manual,15416,Petrol,0,69.0,1.0
 Aygo,2014,6250,Manual,35256,Petrol,0,69.0,1.0
 Aygo,2018,8260,Manual,9813,Petrol,145,56.5,1.0
 Aygo,2017,7990,Semi-Auto,19526,Petrol,150,67.0,1.0
 Aygo,2017,6190,Manual,37500,Petrol,150,69.0,1.0
 Aygo,2017,6730,Manual,15453,Petrol,0,69.0,1.0
 Aygo,2015,6100,Manual,24317,Petrol,0,69.0,1.0
 Aygo,2016,5999,Manual,31430,Petrol,0,69.0,1.0
 Aygo,2017,6695,Manual,49000,Petrol,0,68.9,1.0
 Aygo,2016,6995,Manual,11395,Petrol,0,69.0,1.0
 Aygo,2019,8890,Manual,8121,Petrol,145,56.5,1.0
 Aygo,2014,5990,Manual,23332,Petrol,0,69.0,1.0
 Aygo,2016,6750,Manual,33691,Petrol,0,69.0,1.0
 Aygo,2015,5850,Manual,28531,Petrol,0,69.0,1.0
 Aygo,2016,6690,Manual,34211,Petrol,0,69.0,1.0
 Aygo,2015,5698,Manual,25152,Petrol,0,69.0,1.0
 Aygo,2015,6460,Manual,31234,Petrol,0,69.0,1.0
 Aygo,2019,11695,Manual,5346,Petrol,145,57.7,1.0
 Aygo,2017,7270,Manual,10500,Petrol,145,68.9,1.0
 Aygo,2017,7490,Manual,22972,Petrol,0,68.9,1.0
 Aygo,2018,7590,Manual,21421,Petrol,150,68.9,1.0
 Aygo,2017,7490,Manual,14281,Petrol,145,68.9,1.0
 Aygo,2017,7290,Semi-Auto,52496,Petrol,0,67.0,1.0
 Aygo,2017,7980,Semi-Auto,15439,Petrol,150,67.0,1.0
 Aygo,2017,6790,Manual,32251,Petrol,0,68.9,1.0
 Aygo,2018,10290,Semi-Auto,372,Petrol,150,67.3,1.0
 Aygo,2017,6990,Manual,3282,Petrol,150,69.0,1.0
 Aygo,2018,7995,Manual,20001,Petrol,145,68.9,1.0
 Aygo,2019,12995,Semi-Auto,3868,Petrol,150,56.5,1.0
 Aygo,2015,6495,Manual,38153,Petrol,0,69.0,1.0
 Aygo,2017,6695,Manual,27884,Petrol,145,69.0,1.0
 Aygo,2017,8295,Manual,10890,Petrol,145,68.9,1.0
 Aygo,2017,7395,Manual,32589,Petrol,145,68.9,1.0
 Aygo,2018,7995,Manual,10119,Petrol,150,69.0,1.0
 Aygo,2017,8200,Manual,17571,Petrol,0,68.9,1.0
 Aygo,2018,9995,Manual,5441,Petrol,150,56.5,1.0
 Aygo,2017,6995,Manual,26114,Petrol,150,69.0,1.0
 Aygo,2018,8495,Manual,5051,Petrol,145,68.9,1.0
 Aygo,2018,9295,Manual,9411,Petrol,145,56.5,1.0
 Aygo,2016,6190,Manual,15980,Petrol,0,69.0,1.0
 Aygo,2018,7790,Manual,20323,Petrol,145,68.9,1.0
 Aygo,2016,8290,Manual,10837,Petrol,0,69.0,1.0
 Aygo,2020,9480,Manual,10000,Petrol,145,56.5,1.0
 Aygo,2018,13881,Manual,12447,Petrol,150,56.5,1.0
 Aygo,2018,8995,Manual,6877,Petrol,150,56.5,1.0
 Aygo,2019,9895,Manual,3784,Petrol,145,57.7,1.0
 Aygo,2016,6295,Manual,29926,Petrol,0,69.0,1.0
 Aygo,2017,7995,Manual,22458,Petrol,145,68.9,1.0
 Aygo,2019,10795,Semi-Auto,4848,Petrol,145,56.5,1.0
 Aygo,2018,8195,Manual,23741,Petrol,145,56.5,1.0
 Aygo,2017,6995,Manual,12114,Petrol,145,69.0,1.0
 Aygo,2017,6795,Manual,21913,Petrol,145,69.0,1.0
 Aygo,2019,10195,Manual,2114,Petrol,145,57.7,1.0
 Aygo,2017,8495,Semi-Auto,12984,Petrol,145,67.0,1.0
 Aygo,2019,9995,Semi-Auto,5933,Petrol,145,56.5,1.0
 Aygo,2019,11250,Semi-Auto,2014,Petrol,145,55.4,1.0
 Aygo,2018,7895,Manual,27441,Petrol,145,68.9,1.0
 Aygo,2016,5998,Manual,41293,Petrol,0,69.0,1.0
 Aygo,2018,9395,Manual,8951,Petrol,145,68.9,1.0
 Aygo,2017,6995,Manual,41562,Petrol,145,68.9,1.0
 Aygo,2017,8395,Semi-Auto,11379,Petrol,0,67.3,1.0
 Aygo,2017,8195,Manual,11669,Petrol,0,68.9,1.0
 Aygo,2019,10382,Semi-Auto,6774,Petrol,150,55.4,1.0
 Aygo,2019,9295,Manual,5,Petrol,145,56.5,1.0
 Aygo,2019,9295,Manual,10,Petrol,145,56.5,1.0
 Aygo,2017,8998,Manual,16376,Petrol,145,68.9,1.0
 Aygo,2017,7395,Manual,27577,Petrol,0,69.0,1.0
 Aygo,2014,5600,Manual,31294,Petrol,0,69.0,1.0
 Aygo,2017,7998,Semi-Auto,9775,Petrol,0,67.0,1.0
 Aygo,2019,9295,Manual,5426,Petrol,145,57.7,1.0
 Aygo,2019,10495,Semi-Auto,301,Petrol,145,56.5,1.0
 Aygo,2019,9495,Manual,1723,Petrol,145,57.7,1.0
 Aygo,2019,10495,Manual,10,Petrol,145,57.7,1.0
 Aygo,2018,7298,Manual,28601,Petrol,150,69.0,1.0
 Aygo,2018,6798,Manual,28809,Petrol,150,69.0,1.0
 Aygo,2019,8998,Manual,7212,Petrol,150,56.5,1.0
 Aygo,2019,8998,Manual,5104,Petrol,150,56.5,1.0
 Aygo,2019,9998,Manual,6099,Petrol,150,56.5,1.0
 Aygo,2017,7795,Manual,13991,Petrol,150,69.0,1.0
 Aygo,2018,7998,Manual,8224,Petrol,145,56.5,1.0
 Aygo,2016,6995,Manual,12380,Petrol,0,69.0,1.0
 Aygo,2014,5998,Manual,25127,Petrol,0,69.0,1.0
 Aygo,2019,8798,Manual,12564,Petrol,145,56.5,1.0
 Aygo,2018,9995,Manual,15514,Petrol,150,56.5,1.0
 Aygo,2018,8995,Manual,4454,Petrol,150,56.5,1.0
 Aygo,2018,8195,Manual,20205,Petrol,145,68.9,1.0
 Aygo,2018,8995,Manual,13114,Petrol,145,56.5,1.0
 Aygo,2019,9495,Manual,9114,Petrol,145,56.5,1.0
 Aygo,2017,7495,Manual,23114,Petrol,145,68.9,1.0
 Aygo,2017,7490,Manual,12844,Petrol,145,68.9,1.0
 Aygo,2018,7498,Manual,23861,Petrol,145,56.5,1.0
 Aygo,2019,8998,Manual,11204,Petrol,145,56.5,1.0
 Aygo,2017,7195,Manual,28843,Petrol,150,69.0,1.0
 Aygo,2017,7850,Manual,14086,Petrol,0,68.9,1.0
 Aygo,2018,8699,Manual,13278,Petrol,145,68.9,1.0
 Aygo,2019,9999,Manual,1500,Petrol,145,56.5,1.0
 Aygo,2019,9999,Manual,1500,Petrol,145,56.5,1.0
 Aygo,2017,8250,Manual,15000,Petrol,0,68.9,1.0
 Aygo,2017,7800,Manual,23000,Petrol,150,68.9,1.0
 Aygo,2017,7750,Manual,31947,Petrol,0,69.0,1.0
 Aygo,2017,8000,Manual,30000,Petrol,0,68.9,1.0
 Aygo,2016,6800,Manual,7385,Petrol,0,69.0,1.0
 Aygo,2017,7282,Manual,16125,Petrol,0,68.9,1.0
 Aygo,2017,6840,Manual,24036,Petrol,145,68.9,1.0
 Aygo,2014,7140,Semi-Auto,44103,Petrol,0,67.0,1.0
 Aygo,2017,7499,Manual,15000,Petrol,145,69.0,1.0
 Aygo,2016,7850,Manual,25332,Petrol,0,69.0,1.0
 Aygo,2017,7395,Manual,27000,Petrol,150,68.9,1.0
 Aygo,2017,9995,Semi-Auto,15311,Petrol,150,67.3,1.0
 Aygo,2014,5999,Manual,18478,Petrol,0,69.0,1.0
 Aygo,2014,6060,Manual,13100,Petrol,0,69.0,1.0
 Aygo,2016,6270,Manual,31060,Petrol,0,69.0,1.0
 Aygo,2016,6380,Manual,9300,Petrol,0,69.0,1.0
 Aygo,2017,7250,Manual,19000,Petrol,0,68.9,1.0
 Aygo,2017,7498,Manual,22558,Petrol,150,68.9,1.0
 Aygo,2016,7999,Manual,36533,Petrol,0,69.0,1.0
 Aygo,2015,6240,Manual,9749,Petrol,0,69.0,1.0
 Aygo,2016,6770,Manual,8642,Petrol,0,69.0,1.0
 Aygo,2018,9495,Manual,7500,Petrol,150,56.5,1.0
 Aygo,2016,7999,Manual,32082,Petrol,0,69.0,1.0
 Aygo,2017,6995,Manual,15747,Petrol,0,69.0,1.0
 Aygo,2016,5999,Manual,23887,Petrol,0,69.0,1.0
 Aygo,2017,7400,Manual,5985,Petrol,0,69.0,1.0
 Aygo,2016,6995,Manual,17545,Petrol,0,69.0,1.0
 Aygo,2018,7995,Manual,27111,Petrol,145,68.9,1.0
 Aygo,2018,9995,Manual,2779,Petrol,150,68.9,1.0
 Aygo,2017,9295,Semi-Auto,21000,Petrol,150,67.3,1.0
 Aygo,2018,8295,Manual,14998,Petrol,145,69.0,1.0
 Aygo,2017,7695,Manual,21689,Petrol,145,68.9,1.0
 Aygo,2018,8495,Semi-Auto,9162,Petrol,145,67.0,1.0
 Aygo,2019,8995,Manual,3626,Petrol,145,57.7,1.0
 Aygo,2017,7695,Manual,21844,Petrol,145,68.9,1.0
 Aygo,2017,7495,Manual,30266,Petrol,145,68.9,1.0
 Aygo,2017,6900,Automatic,47814,Petrol,145,67.0,1.0
 Aygo,2016,6720,Manual,22761,Petrol,0,69.0,1.0
 Aygo,2016,7195,Manual,19998,Petrol,0,69.0,1.0
 Aygo,2019,9195,Manual,9623,Petrol,145,57.7,1.0
 Aygo,2017,5995,Manual,37500,Petrol,0,69.0,1.0
 Aygo,2019,9000,Manual,6800,Petrol,145,56.5,1.0
 Aygo,2016,8300,Manual,16530,Petrol,0,69.0,1.0
 Aygo,2017,8295,Manual,14869,Petrol,145,68.9,1.0
 Aygo,2018,8389,Manual,6660,Petrol,145,56.5,1.0
 Aygo,2017,7190,Manual,23437,Petrol,145,68.9,1.0
 Aygo,2016,7995,Semi-Auto,33228,Petrol,0,67.0,1.0
 Aygo,2017,8789,Semi-Auto,24980,Petrol,145,67.3,1.0
 Aygo,2016,9288,Semi-Auto,7678,Petrol,0,67.0,1.0
 Aygo,2019,11495,Manual,10699,Petrol,145,57.7,1.0
 Aygo,2018,7072,Manual,5688,Petrol,145,69.0,1.0
 Aygo,2017,6488,Manual,37560,Petrol,0,69.0,1.0
 Aygo,2017,6995,Manual,16511,Petrol,0,69.0,1.0
 Aygo,2015,6778,Semi-Auto,42328,Petrol,0,67.0,1.0
 Aygo,2018,8275,Manual,13546,Petrol,150,56.5,1.0
 Aygo,2017,7976,Manual,8493,Petrol,0,68.9,1.0
 Aygo,2018,8306,Manual,12597,Petrol,145,68.9,1.0
 Aygo,2016,7695,Semi-Auto,41515,Petrol,0,67.0,1.0
 Aygo,2016,7500,Manual,13908,Petrol,0,69.0,1.0
 Aygo,2018,6895,Manual,36916,Petrol,145,69.0,1.0
 Aygo,2018,8550,Manual,13658,Petrol,145,56.5,1.0
 Aygo,2019,9450,Manual,3083,Petrol,145,57.7,1.0
 Aygo,2019,9450,Manual,1749,Petrol,145,57.7,1.0
 Aygo,2019,8995,Manual,1202,Petrol,145,57.7,1.0
 Aygo,2019,9450,Manual,2963,Petrol,145,57.7,1.0
 Aygo,2019,9450,Manual,3335,Petrol,145,57.7,1.0
 Aygo,2018,8412,Manual,18000,Petrol,145,68.9,1.0
 Aygo,2019,10067,Automatic,9248,Petrol,145,55.4,1.0
 Aygo,2017,10299,Semi-Auto,8110,Petrol,145,67.3,1.0
 Aygo,2013,4450,Manual,21916,Petrol,0,65.7,1.0
 Aygo,2016,6995,Manual,18512,Petrol,0,69.0,1.0
 Aygo,2015,6249,Manual,18040,Petrol,0,69.0,1.0
 Aygo,2017,8650,Semi-Auto,5893,Petrol,145,67.0,1.0
 Aygo,2019,8950,Manual,4321,Petrol,145,56.5,1.0
 Aygo,2019,9850,Manual,4282,Petrol,145,57.7,1.0
 Aygo,2018,8495,Manual,11719,Petrol,145,68.9,1.0
 Aygo,2019,10800,Manual,25,Petrol,145,56.5,1.0
 Aygo,2017,6995,Manual,24591,Petrol,145,69.0,1.0
 Aygo,2016,5950,Manual,36189,Petrol,0,69.0,1.0
 Aygo,2019,8450,Manual,11694,Petrol,145,56.5,1.0
 Aygo,2017,6950,Manual,9697,Petrol,145,69.0,1.0
 Aygo,2019,8950,Manual,9484,Petrol,145,57.7,1.0
 Aygo,2019,8950,Manual,3621,Petrol,145,56.5,1.0
 Aygo,2017,7850,Manual,10523,Petrol,0,69.0,1.0
 Aygo,2019,9450,Manual,1762,Petrol,145,56.5,1.0
 Aygo,2019,9275,Manual,4664,Petrol,145,56.5,1.0
 Aygo,2018,8250,Manual,8960,Petrol,145,68.9,1.0
 Aygo,2018,7950,Manual,19266,Petrol,145,68.9,1.0
 Aygo,2017,7550,Manual,22095,Petrol,0,69.0,1.0
 Aygo,2019,8995,Manual,729,Petrol,145,56.5,1.0
 Aygo,2019,10950,Automatic,2985,Petrol,145,55.4,1.0
 Aygo,2019,9450,Manual,647,Petrol,145,57.7,1.0
 Aygo,2019,10250,Manual,27,Petrol,145,57.7,1.0
 Aygo,2016,6950,Manual,22502,Petrol,0,69.0,1.0
 Aygo,2018,7750,Manual,9249,Petrol,150,56.5,1.0
 Aygo,2019,9450,Manual,6004,Petrol,150,57.7,1.0
 Aygo,2017,8475,Manual,6736,Petrol,150,68.9,1.0
 Aygo,2017,7250,Manual,31065,Petrol,150,68.9,1.0
 Aygo,2018,8950,Manual,13079,Petrol,150,56.5,1.0
 Aygo,2019,8625,Manual,2099,Petrol,145,56.5,1.0
 Aygo,2019,8350,Manual,3641,Petrol,145,56.5,1.0
 Aygo,2017,7450,Manual,10512,Petrol,150,68.9,1.0
 Aygo,2017,6750,Manual,10632,Petrol,150,69.0,1.0
 Aygo,2017,7800,Manual,15512,Petrol,150,68.9,1.0
 Aygo,2017,6250,Manual,28261,Petrol,150,69.0,1.0
 Aygo,2018,7250,Manual,10121,Petrol,150,69.0,1.0
 Aygo,2019,9450,Manual,759,Petrol,145,57.7,1.0
 Aygo,2016,7495,Manual,14700,Petrol,0,69.0,1.0
 Aygo,2018,7495,Manual,18720,Petrol,145,68.9,1.0
 Aygo,2016,7440,Semi-Auto,15999,Petrol,0,67.0,1.0
 Aygo,2017,7850,Manual,32750,Petrol,145,68.9,1.0
 Aygo,2019,8990,Manual,1500,Petrol,145,56.5,1.0
 Aygo,2019,10295,Semi-Auto,32943,Petrol,150,55.4,1.0
 Aygo,2017,6750,Manual,17322,Petrol,0,69.0,1.0
 Aygo,2018,9000,Manual,6039,Petrol,145,56.5,1.0
 Aygo,2018,8500,Manual,2300,Petrol,145,56.5,1.0
 Aygo,2016,7350,Manual,31183,Petrol,0,69.0,1.0
 Aygo,2016,8550,Manual,20680,Petrol,0,69.0,1.0
 Aygo,2015,6790,Manual,30855,Petrol,0,69.0,1.0
 Aygo,2018,10295,Semi-Auto,9000,Petrol,150,56.5,1.0
 Aygo,2014,5995,Manual,33015,Petrol,0,69.0,1.0
 Aygo,2014,5515,Manual,22672,Petrol,0,65.7,1.0
 Aygo,2015,6995,Manual,42324,Petrol,0,69.0,1.0
 Aygo,2018,9495,Semi-Auto,24007,Petrol,145,67.3,1.0
 Aygo,2018,8995,Manual,8488,Petrol,145,68.9,1.0
 Aygo,2018,8655,Manual,4000,Petrol,145,56.5,1.0
 Aygo,2019,9245,Manual,6619,Petrol,145,57.7,1.0
 Aygo,2020,10785,Semi-Auto,4589,Petrol,150,56.5,1.0
 Aygo,2018,7999,Manual,22000,Petrol,145,68.9,1.0
 Aygo,2017,8995,Manual,3028,Petrol,145,68.9,1.0
 Aygo,2017,7995,Manual,20858,Petrol,145,68.9,1.0
 Aygo,2016,7995,Manual,10439,Petrol,0,69.0,1.0
 Aygo,2019,10491,Semi-Auto,6900,Petrol,145,55.4,1.0
 Aygo,2014,5777,Manual,43000,Petrol,0,69.0,1.0
 Aygo,2020,10400,Manual,4578,Petrol,150,56.5,1.0
 Aygo,2018,9291,Semi-Auto,11503,Petrol,150,67.0,1.0
 Aygo,2019,9990,Semi-Auto,4695,Petrol,145,55.4,1.0
 Aygo,2019,9790,Manual,6546,Petrol,145,57.7,1.0
 Aygo,2017,7391,Manual,22349,Petrol,0,68.9,1.0
 Aygo,2019,10200,Semi-Auto,7631,Petrol,145,55.4,1.0
 Aygo,2015,7495,Semi-Auto,15944,Petrol,0,67.0,1.0
 Aygo,2017,8495,Semi-Auto,7604,Petrol,0,67.0,1.0
 Aygo,2019,10851,Semi-Auto,2794,Petrol,145,56.5,1.0
 Aygo,2017,6151,Manual,34162,Petrol,0,69.0,1.0
 Aygo,2014,5979,Manual,59382,Petrol,0,69.0,1.0
 Aygo,2017,7995,Manual,11971,Petrol,0,68.9,1.0
 Aygo,2016,7100,Manual,6425,Petrol,0,69.0,1.0
 Aygo,2016,7700,Manual,24681,Petrol,0,69.0,1.0
 Aygo,2019,9790,Manual,3500,Petrol,145,56.5,1.0
 Aygo,2017,7495,Manual,11647,Petrol,0,68.9,1.0
 Aygo,2019,10995,Manual,1000,Petrol,145,56.5,1.0
 Aygo,2017,7295,Manual,19307,Petrol,145,68.9,1.0
 Aygo,2014,6300,Manual,22014,Petrol,0,69.0,1.0
 Aygo,2017,6790,Manual,10293,Petrol,145,69.0,1.0
 Aygo,2015,6599,Manual,15449,Petrol,0,69.0,1.0
 Aygo,2013,4695,Manual,36475,Petrol,0,65.7,1.0
 Aygo,2010,3500,Manual,42300,Petrol,20,62.8,1.0
 Aygo,2016,7059,Manual,21494,Petrol,0,69.0,1.0
 Aygo,2016,5125,Manual,40630,Petrol,0,69.0,1.0
 Aygo,2017,8890,Automatic,21890,Other,0,67.3,1.0
 Aygo,2019,9850,Manual,5000,Petrol,145,56.5,1.0
 Aygo,2016,8190,Automatic,6999,Other,0,67.0,1.0
 Aygo,2017,8590,Automatic,5381,Other,145,67.0,1.0
 Aygo,2017,9791,Automatic,18228,Other,145,67.3,1.0
 Aygo,2019,10390,Manual,3000,Petrol,145,57.7,1.0
 Aygo,2017,9350,Automatic,6485,Other,145,67.3,1.0
 Aygo,2019,11000,Automatic,3012,Other,145,55.4,1.0
 Aygo,2017,9495,Automatic,23378,Other,150,67.3,1.0
 Aygo,2018,8491,Manual,8000,Petrol,145,56.5,1.0
 Aygo,2017,7290,Manual,15075,Petrol,145,69.0,1.0
 Aygo,2017,9990,Automatic,7189,Other,0,67.3,1.0
 Aygo,2017,7990,Manual,17915,Petrol,145,68.9,1.0
 Aygo,2017,9450,Automatic,7235,Other,0,67.3,1.0
 Aygo,2017,8690,Manual,2908,Petrol,0,68.9,1.0
 Aygo,2016,6275,Manual,43491,Other,0,69.0,1.0
 C-HR,2017,20500,Automatic,26779,Hybrid,0,74.3,1.8
 C-HR,2017,20500,Automatic,18079,Hybrid,0,74.3,1.8
 C-HR,2018,20995,Automatic,23406,Hybrid,140,74.3,1.8
 C-HR,2019,22498,Automatic,17288,Hybrid,135,74.3,1.8
 C-HR,2019,22498,Automatic,14893,Hybrid,135,74.3,1.8
 C-HR,2017,13998,Manual,24612,Petrol,145,47.9,1.2
 C-HR,2017,16498,Manual,22957,Petrol,150,47.1,1.2
 C-HR,2017,18998,Automatic,24773,Hybrid,135,74.3,1.8
 C-HR,2018,21998,Automatic,9501,Hybrid,135,74.3,1.8
 C-HR,2019,22498,Automatic,16690,Hybrid,135,74.3,1.8
 C-HR,2019,23998,Automatic,9228,Hybrid,135,74.3,1.8
 C-HR,2017,15998,Manual,32770,Petrol,150,47.1,1.2
 C-HR,2017,16998,Automatic,24717,Hybrid,0,74.3,1.8
 C-HR,2018,22095,Automatic,10472,Hybrid,135,74.3,1.8
 C-HR,2019,27295,Automatic,1748,Hybrid,135,74.3,1.8
 C-HR,2018,23495,Automatic,11882,Hybrid,135,74.3,1.8
 C-HR,2018,22995,Automatic,14494,Hybrid,135,74.3,1.8
 C-HR,2017,16795,Manual,17530,Petrol,145,47.1,1.2
 C-HR,2017,17998,Automatic,8001,Petrol,145,47.9,1.2
 C-HR,2017,17998,Automatic,19524,Hybrid,140,74.3,1.8
 C-HR,2017,19998,Automatic,16752,Hybrid,140,74.3,1.8
 C-HR,2017,21698,Automatic,16276,Hybrid,135,74.3,1.8
 C-HR,2018,17990,Automatic,14000,Petrol,145,47.9,1.2
 C-HR,2017,18798,Automatic,11387,Petrol,145,44.8,1.2
 C-HR,2017,19995,Automatic,30612,Hybrid,135,74.3,1.8
 C-HR,2017,21495,Automatic,13025,Hybrid,140,74.3,1.8
 C-HR,2017,17495,Automatic,21835,Petrol,165,44.8,1.2
 C-HR,2017,20495,Automatic,16990,Hybrid,135,74.3,1.8
 C-HR,2017,21495,Automatic,18628,Hybrid,135,74.3,1.8
 C-HR,2017,15695,Manual,22757,Petrol,150,47.1,1.2
 C-HR,2018,21500,Automatic,15386,Hybrid,135,74.3,1.8
 C-HR,2017,20575,Automatic,25038,Hybrid,0,74.3,1.8
 C-HR,2017,14860,Automatic,27850,Petrol,150,47.9,1.2
 Prius,2017,19750,Automatic,23343,Hybrid,135,94.1,1.8
 Prius,2016,20000,Automatic,48153,Other,10,64.2,1.8
 Prius,2019,23750,Automatic,6451,Other,135,61.4,1.8
 Prius,2013,14498,Automatic,68057,Hybrid,0,68.9,1.8
 Prius,2018,19998,Automatic,16634,Hybrid,135,94.1,1.8
 Prius,2017,17498,Automatic,37071,Hybrid,135,85.6,1.8
 Prius,2017,17498,Automatic,27899,Hybrid,0,94.1,1.8
 Prius,2019,22998,Automatic,9776,Hybrid,135,64.2,1.8
 Prius,2013,13495,Automatic,84553,Hybrid,0,68.9,1.8
 Prius,2014,15362,Automatic,50647,Hybrid,0,134.5,1.8
 Prius,2015,18795,Automatic,48911,Hybrid,0,68.9,1.8
 Prius,2016,19523,Automatic,21720,Hybrid,0,85.6,1.8
 Avensis,2016,9995,Manual,61300,Diesel,20,67.3,1.6
 Avensis,2018,14495,Manual,31174,Diesel,145,61.4,2.0
 Avensis,2017,13998,Manual,11855,Petrol,145,47.1,1.8
 Avensis,2018,13695,Manual,37191,Diesel,145,67.3,1.6
 Avensis,2018,12995,Manual,32236,Diesel,145,67.3,1.6
 Avensis,2016,10895,Manual,30879,Diesel,20,67.3,1.6
 Verso,2011,5999,Manual,67085,Petrol,200,41.5,1.6
 Verso,2016,10990,Manual,19000,Petrol,205,41.5,1.6
 Verso,2016,14995,Automatic,22703,Petrol,165,43.5,1.8
 Verso,2017,15995,Automatic,13900,Petrol,165,43.5,1.8
 Verso,2015,13994,Automatic,19293,Petrol,200,41.5,1.8
 Verso,2016,11691,Manual,19417,Petrol,200,41.5,1.6
 Hilux,2018,20998,Manual,13099,Diesel,260,40.4,2.4
 Hilux,2016,13695,Manual,69921,Diesel,260,40.4,2.4
 Hilux,2017,18250,Manual,32000,Diesel,260,40.4,2.4
 Hilux,2014,11495,Manual,88912,Diesel,260,38.7,2.5
 Hilux,2019,28495,Automatic,3350,Diesel,260,2.8,2.4
 Hilux,2018,23995,Manual,12086,Diesel,260,40.4,2.4
 Hilux,2018,23698,Automatic,21189,Diesel,260,36.2,2.4
 Hilux,2018,22998,Manual,12335,Diesel,260,40.4,2.4
 Hilux,2016,19498,Automatic,30848,Diesel,260,32.8,3.0
 Hilux,2019,31198,Automatic,18645,Diesel,260,36.2,2.4
 Hilux,2016,15498,Automatic,55883,Diesel,260,32.8,3.0
 Hilux,2019,25998,Automatic,23160,Diesel,260,36.2,2.4
 Hilux,2018,20998,Automatic,15146,Diesel,260,36.2,2.4
 Hilux,2015,9995,Manual,80069,Diesel,260,38.7,2.5
 PROACE VERSO,2019,27998,Automatic,5,Diesel,145,38.7,2.0
 PROACE VERSO,2019,27998,Automatic,10,Diesel,145,38.7,2.0
 PROACE VERSO,2019,27998,Automatic,240,Diesel,145,38.7,2.0
 PROACE VERSO,2020,47990,Automatic,1255,Diesel,145,38.7,2.0
 Land Cruiser,2019,39498,Semi-Auto,11712,Diesel,145,30.1,2.8
 Land Cruiser,2016,33000,Semi-Auto,22583,Diesel,300,38.2,2.8
 Land Cruiser,2020,44995,Semi-Auto,200,Diesel,150,30.1,2.8
 Land Cruiser,2015,32498,Automatic,16871,Diesel,325,34.9,3.0
 Land Cruiser,2019,39498,Semi-Auto,12543,Diesel,145,30.1,2.8
 Land Cruiser,2015,24995,Semi-Auto,75000,Diesel,330,34.9,3.0
 Land Cruiser,2014,23995,Manual,53252,Diesel,325,34.9,3.0
 Land Cruiser,2015,29070,Semi-Auto,45158,Diesel,325,34.9,3.0
 Land Cruiser,2019,42444,Semi-Auto,10083,Diesel,145,30.1,2.8
 Land Cruiser,2019,40999,Semi-Auto,11619,Diesel,145,30.1,2.8
 Land Cruiser,2019,42995,Semi-Auto,16634,Diesel,145,30.1,2.8
 Land Cruiser,2019,49995,Automatic,6836,Diesel,145,30.1,2.8
 Supra,2019,47498,Semi-Auto,327,Petrol,145,34.5,3.0
 Supra,2019,49994,Semi-Auto,500,Petrol,145,34.5,3.0
 Supra,2019,47500,Semi-Auto,5,Petrol,145,34.5,3.0
 Supra,2019,51995,Semi-Auto,250,Petrol,145,34.5,3.0
 Supra,2019,51995,Semi-Auto,1902,Petrol,145,34.5,3.0
 Supra,2019,49490,Automatic,162,Petrol,145,34.5,3.0
 Supra,2019,59995,Automatic,9909,Other,150,34.5,3.0
 Camry,2019,29990,Automatic,4600,Hybrid,135,52.3,2.5
 Camry,2019,25990,Automatic,6000,Hybrid,135,52.3,2.5
 Camry,2019,24990,Automatic,5145,Hybrid,135,52.3,2.5
 Camry,2020,26490,Automatic,10000,Hybrid,135,52.3,2.5
 Camry,2019,27545,Automatic,5059,Hybrid,135,52.3,2.5
 Camry,2019,28495,Automatic,4998,Hybrid,140,52.3,2.5
 Camry,2019,26491,Automatic,4416,Hybrid,135,52.3,2.5
 Camry,2019,25990,Automatic,10732,Hybrid,135,52.3,2.5
 Verso-S,2013,6995,Manual,33900,Petrol,125,51.4,1.3
 Verso-S,2011,4450,Manual,73000,Petrol,125,51.4,1.3
 Verso-S,2012,5795,Automatic,61237,Petrol,30,54.3,1.3
 IQ,2009,3995,Automatic,27292,Petrol,20,60.1,1.0
 IQ,2009,3495,Manual,43000,Petrol,0,65.7,1.0
 IQ,2009,2699,Manual,74095,Petrol,0,65.7,1.0
 IQ,2013,4950,Manual,72913,Petrol,30,54.3,1.3
 IQ,2013,4849,Manual,41142,Petrol,0,64.2,1.0
 IQ,2011,5995,Automatic,29000,Petrol,20,58.9,1.0
 IQ,2012,2495,Manual,72498,Petrol,0,64.2,1.0
 IQ,2011,5500,Automatic,30000,Petrol,20,58.9,1.0
 Urban Cruiser,2011,4985,Manual,36154,Petrol,125,50.4,1.3
 Urban Cruiser,2012,4995,Manual,46000,Diesel,125,57.6,1.4
 Urban Cruiser,2011,3995,Manual,60700,Petrol,125,50.4,1.3
 Urban Cruiser,2011,4495,Manual,45128,Petrol,125,50.4,1.3
